{
  "center": [43.32, 17.05],
  "FOOT": [[43.25, 17.10], [43.27, 17.14], [43.32, 17.05], [43.31, 17.02]],
  "DRONE": [[43.25, 17.10], [43.28, 17.16], [43.35, 17.07], [43.35, 17.00]],
  "CAR": [
    [43.237699765970746, 17.111973162209097],
    [43.24060190502166, 17.143839705043717],
    [43.408941223358994, 16.90965594387987],
    [43.39684890125659, 16.897366015535027],
    [43.237699765970746, 17.111973162209097]
  ],
  "CROSS_MOTOR": [
    [43.30353210950861, 17.026190271132236],
    [43.2984316113118, 17.03422919905617],
    [43.31411843818722, 17.06099173736237],
    [43.328120390821624, 17.044556073252153],
    [43.36756194160344, 17.011379953134274],
    [43.360143018633465, 16.993907122237815],
    [43.31497577060648, 17.037201741579118],
    [43.30353210950861, 17.026190271132236]
  ],
  "BOAT":[
    [43.30340458933824, 16.9673061453274],
    [43.17048054373399, 17.084081304726453],
    [43.05272641010447, 17.391803503115256],
    [43.11427510450872, 17.39253494178149],
    [43.35316685327538, 16.978866735773522],
    [43.33419423444067, 16.974225148780278],
    [43.30340458933824, 16.9673061453274]
  ],
  "HELICOPTER": [
    [43.391008905607436, 16.915435353979092],
    [43.34979490810872, 16.92010618949189],
    [43.276095738562276, 16.942178258855705],
    [43.20371275387646, 17.04341311018797],
    [43.08836811033851, 17.36813414460869],
    [43.17088205743465, 17.43626625750531],
    [43.368951781866684, 17.111580371171982],
    [43.43312447051426, 16.95416129819884],
    [43.391008905607436, 16.915435353979092]
  ]
}