{
  "center": [45.34891363712481, 16.890380535354808],
  "FOOT": [
    [45.46029727898767, 16.74795436516814],
    [45.44306334503793, 16.706717080203106],
    [45.38023805112809, 16.70320752403586],
    [45.35404021920357, 16.778662981631356],
    [45.38516805083043, 16.84271238168307],
    [45.42520836178855, 16.876930554314384],
    [45.45537383430943, 16.83086762050482],
    [45.47013067374587, 16.74863849821594],
    [45.46674644269913, 16.74556763656929],
    [45.46029727898767, 16.74795436516814]
  ],
  "DRONE": [
    [45.519781992134995, 16.590464214335867],
    [45.51411259547288, 16.52528617383706],
    [45.42111609034603, 16.586418680787972],
    [45.39081973215244, 16.74734101526147],
    [45.46243178179611, 16.756331089812676],
    [45.51505753458315, 16.647551187738884],
    [45.519781992134995, 16.590464214335867]
  ],
  "CAR": [
    [45.549752426439454, 16.586525493935625],
    [45.52874855354855, 16.549041094155143],
    [45.41760987322482, 16.7734220531205],
    [45.44898553370305, 16.80804808930438],
    [45.549752426439454, 16.586525493935625]
  ],
  "CROSS_MOTOR": [
    [45.508021085297656, 16.52311049712563],
    [45.34828191595605, 16.80939246305826],
    [45.38030687987421, 16.87244599832752],
    [45.532177889045016, 16.557178322035526],
    [45.53696715360519, 16.537426612193116],
    [45.535370777403415, 16.52982980071451],
    [45.508021085297656, 16.52311049712563]
  ],
  "BOAT": [
    [45.23081576707497, 16.840866332152956],
    [45.28182314816044, 16.9499931705964],
    [45.50375340476546, 16.46285096378392],
    [45.46580509847715, 16.31181941937706],
    [45.37450221107886, 16.598168243453586],
    [45.35364730573647, 16.645311037661884],
    [45.23081576707497, 16.840866332152956]
  ],
  "HELICOPTER": [
    [45.50481224893187, 16.438357923293893],
    [45.235183465852344, 16.828211754515053],
    [45.3084590219743, 17.008609955918075],
    [45.652264019612545, 16.481944065914945],
    [45.62263529058805, 16.44199010184539],
    [45.50481224893187, 16.438357923293893]
  ]
}
